timestamp,action,instrument,quantity,price,strategy,reason,spot_price,delta,gamma,theta,vega,iv,dte,portfolio_delta,vix,us10y,cash_before,cash_after,notes
2026-05-14 10:40:00,BUY,PLTR2605R131,6,6.15,Options,Market - Buy,133.73,-0.4078,0.020165,-0.1627,0.1275,0.5864,22,-244.7,17.26,0.045,100000.0,96310.0,誤操作：原意Short Call誤買Long Put
2026-05-18 09:30:00,SELL,PLTR2605R131,6,5.15,Options,Market - Sell,135.14,-0.3768,0.020847,-0.1856,0.114,0.607,18,0.0,17.82,0.046,96310.0,99400.0,"平倉誤買Put, 止損-$600"
2026-05-18 09:49:00,SELL,PLTR2605F131,6,7.3,Options,Market - Short,135.14,0.6607,0.030112,-0.1333,0.1099,0.4051,18,-396.4,17.82,0.046,99400.0,103780.0,"核心建倉：Short 6口 $131 Call, 收權利金+$4380"
2026-05-20 11:33:00,BUY,PLTR,400,136.18,Equities,Market - Buy,137.15,1.0,0.0,0.0,0.0,0.0,16,-36.5,17.44,0.046,103780.0,49308.0,"Delta避險：買400股, 淨Delta≈-20"
2026-05-22 12:12:00,BUY,PLTR2626F141,3,5.9,Options,Market - Buy,136.88,0.4526,0.021218,-0.1123,0.1679,0.4405,35,97.6,16.7,0.046,49308.0,47538.0,策略轉型：買3口遠期$141 Call對沖尾部風險
2026-05-22 12:23:00,SELL,PLTR,110,136.22,Equities,Market - Sell,136.88,1.0,0.0,0.0,0.0,0.0,14,-12.4,16.7,0.046,47538.0,62522.2,"Delta再平衡：Long Call帶入正Delta, 減碼現股"
2026-05-27 11:04:00,SELL,PLTR,150,133.81,Equities,Market - Sell,132.51,1.0,0.0,0.0,0.0,0.0,9,-111.0,16.29,0.045,62522.2,82593.7,"Delta再平衡（股價小漲, Delta偏多）"
2026-05-27 11:12:00,BUY,PLTR,50,133.71,Equities,Market - Buy,132.51,1.0,0.0,0.0,0.0,0.0,9,-61.0,16.29,0.045,82593.7,75908.2,"Delta再平衡（股價回落, Delta偏空）"
2026-05-27 11:13:00,BUY,PLTR,50,133.79,Equities,Market - Buy,132.51,1.0,0.0,0.0,0.0,0.0,9,-11.0,16.29,0.045,75908.2,69218.7,Delta再平衡（持續調整）
2026-06-03 10:33:00,BUY,PLTR,170,145.53,Equities,Market - Buy,142.2,1.0,0.0,0.0,0.0,0.0,2,-19.6,16.06,0.045,69218.7,44478.6,Gamma Risk爆發：到期週深度ITM被迫高位補倉
2026-06-05 09:55:00,SELL,PLTR2626F141,3,5.45,Options,Market - Sell,135.53,0.4233,0.020537,-0.1839,0.1273,0.5865,21,-183.2,21.51,0.045,44478.6,46113.6,"到期日平倉遠期Long Call, 回收資金"
2026-06-05 10:10:00,BUY,PLTR,190,138.43,Equities,Market - Buy,135.53,1.0,0.0,0.0,0.0,0.0,0,6.8,21.51,0.045,46113.6,19811.9,缺口補足：補入190股至600股應付指派
2026-06-05 10:23:00,SELL,SOXL,30,224.58,Equities,Market - Short,224.58,1.0,0.0,0.0,0.0,0.0,0,6.8,21.51,0.045,19811.9,26549.3,SOXL短線放空
2026-06-05 11:27:00,BUY,SOXL,30,215.44,Equities,Market - Cover,215.44,1.0,0.0,0.0,0.0,0.0,0,6.8,21.51,0.045,26549.3,20086.1,"SOXL回補空單, +$274獲利"
2026-06-05 11:30:00,BUY,SOXL,50,215.15,Equities,Market - Buy,215.15,1.0,0.0,0.0,0.0,0.0,0,6.8,21.51,0.045,20086.1,9328.6,SOXL做多
2026-06-05 12:46:00,SELL,SOXL,50,197.43,Equities,Market - Sell,197.43,1.0,0.0,0.0,0.0,0.0,0,6.8,21.51,0.045,9328.6,19200.1,"SOXL賣出, -$886虧損"
2026-06-05 18:15:00,BUY,PLTR2605F131,6,4.53,Options,Market - Cover,135.53,1.0,0.0,-0.0154,0.0,0.01,0,600.0,21.51,0.045,19200.1,16482.1,"主動平倉Short Call, 期權端淨獲利+$1662"
